name,rank,reputation,id
Massachusetts Institute of Technology (MIT),1,100,1
University of Oxford,2,100,2
Stanford University,3,100,3
University of Cambridge,4,100,4
Harvard University,5,100,5
California Institute of Technology (Caltech),6,96.7,6
Imperial College London,7,98.4,7
ETH Zurich,8,98.7,8
UCL,9,99.4,9
University of Chicago,10,99.2,10
National University of Singapore (NUS),11,99.6,11
"Nanyang Technological University, Singapore (NTU Singapore)",12,91.1,12
University of Pennsylvania,13,96.2,13
EPFL,14,82.4,14
Yale University,15,99.9,15
The University of Edinburgh,16,98,16
Tsinghua University,17,98.6,17
Peking University,18,99.4,18
Columbia University,19,99.6,19
Princeton University,20,99.9,20
Cornell University,21,98.4,21
The University of Hong Kong,22,97.9,22
The University of Tokyo,23,100,23
University of Michigan-Ann Arbor,24,98.6,24
Johns Hopkins University,25,87.6,25
University of Toronto,26,99.5,26
McGill University,27,92.5,27
Australian National University (ANU),28,94.6,28
The University of Manchester,29,95.2,29
Northwestern University,30,84.4,30
Fudan University,31,84.8,31
"University of California, Berkeley (UCB)",32,100,32
Kyoto University,33,98.7,33
The Hong Kong University of Science and Technology,34,84.2,34
King's College London,35,88.9,35
Seoul National University,36,98.3,36
The University of Melbourne,37,98.9,37
The University of Sydney,38,96.8,38
The Chinese University of Hong Kong (CUHK),39,88.8,39
"University of California, Los Angeles (UCLA)",40,100,40
KAIST - Korea Advanced Institute of Science & Technology,41,87.5,41
New York University (NYU),42,95.9,42
The University of New South Wales (UNSW Sydney),43,90.4,43
Université PSL,44,75.8,44
Zhejiang University,45,71.2,45
University of British Columbia,46,97.6,46
The University of Queensland,47,88.2,47
"University of California, San Diego (UCSD)",48,91,48
Institut Polytechnique de Paris,49,44.8,49
The London School of Economics and Political Science (LSE),50,72.4,50
Shanghai Jiao Tong University,51,83.4,51
Technical University of Munich,52,84.5,52
Duke University,53,86.9,53
Carnegie Mellon University,54,72.7,54
City University of Hong Kong,55,59.4,55
University of Amsterdam,56,83.1,56
Tokyo Institute of Technology (Tokyo Tech),57,74.6,57
Delft University of Technology,58,71.9,58
Monash University,59,88.9,59
Brown University,60,58.1,60
The University of Warwick,61,73.1,61
University of Bristol,62,74.7,62
Universität Heidelberg,63,80.1,63
Ludwig-Maximilians-Universität München,64,92.8,64
Universiti Malaya (UM),65,76.9,65
The Hong Kong Polytechnic University,66,67.1,66
University of Texas at Austin,67,93.6,67
National Taiwan University (NTU),68,92.3,68
Universidad de Buenos Aires (UBA),69,90.2,69
KU Leuven,70,84.4,70
University of Zurich,71,59.3,71
Sorbonne University,72,90.2,72
University of Glasgow,73,74.4,73
Korea University,74,77.6,74
Osaka University,75,80.6,75
University of Wisconsin-Madison,76,83.4,76
University of Southampton,77,51.5,77
Lomonosov Moscow State University,78,79.5,78
University of Copenhagen,79,73.5,79
Yonsei University,80,71.6,80
Pohang University of Science And Technology (POSTECH),81,44.3,81
Durham University,82,58.3,82
Tohoku University,83,71.4,83
University of Illinois at Urbana-Champaign,84,86.4,84
The University of Auckland,85,83.8,85
University of Washington,86,85.4,86
Université Paris-Saclay,87,55.5,87
Lund University,88,70.5,88
Georgia Institute of Technology,89,67.8,89
KTH Royal Institute of Technology,90,47.3,90
University of Birmingham,91,65.5,91
University of St Andrews,92,46.7,92
University of Leeds,93,70.6,93
The University of Western Australia,94,58.5,94
Rice University,95,40,95
The University of Sheffield,96,60.4,96
Pennsylvania State University,97,75.9,97
Sungkyunkwan University (SKKU),98,61.5,98
University of Science and Technology of China,99,52.4,99
Technical University of Denmark,100,32.1,100
University of North Carolina at Chapel Hill,101,66.3,101
"Trinity College Dublin, The University of Dublin",102,68.2,102
University of Oslo,103,55.4,103
University of Nottingham,104,59.1,104
University of Helsinki,105,67.2,105
Universidad Nacional Autónoma de México  (UNAM),106,94.6,106
University of Geneva,107,48.7,107
Washington University in St. Louis,108,41.3,108
The University of Adelaide,109,53.3,109
"University of California, Davis",110,66.9,110
King Abdulaziz University (KAU),111,41.3,111
Utrecht University,112,66.1,112
Université de Montréal,113,56.6,113
Aalto University,114,45.7,114
Boston University,115,62,115
Leiden University,116,69.3,116
University of Southern California,117,56.2,117
Purdue University,118,63.3,118
Queen Mary University of London,119,50.7,119
Nagoya University,120,59.2,120
University of Bern,121,30.4,121
The Ohio State University,122,61.9,122
Chalmers University of Technology,123,28.8,123
Universidade de São Paulo,124,90.1,124
Wageningen University & Research,125,42.8,125
Uppsala University,126,65.1,126
Eindhoven University of Technology,127,29.9,127
University of Alberta,128,53.7,128
Freie Universitaet Berlin,129,80.9,129
Humboldt-Universität zu Berlin,130,90.3,130
University of Groningen,131,51.1,131
École Normale Supérieure de Lyon,132,32.8,132
Nanjing University,133,59.6,133
Lancaster University,134,41.2,134
University of Technology Sydney,135,44.4,135
Newcastle University,136,45.8,136
Pontificia Universidad Católica de Chile (UC),137,89.6,137
"KIT, Karlsruhe Institute of Technology",138,45.3,138
Kyushu University,139,56.1,139
University of Basel,140,28.7,140
McMaster University,141,39.9,141
Ghent University,142,54.5,142
Politecnico di Milano,143,66.1,143
Universiti Putra Malaysia (UPM),144,53.6,144
Universiti Kebangsaan Malaysia (UKM),145,56.7,145
Hokkaido University,146,54.8,146
"University of California, Santa Barbara (UCSB)",147,57.8,147
Universiti Sains Malaysia (USM),148,58.9,148
Stockholm University,149,55.6,149
University of Exeter,150,41.4,150
University of Waterloo,151,39.6,151
Cardiff University,152,47.2,152
University of Vienna,153,70.2,153
University of York,154,43.2,154
University of Rochester,155,25.2,155
Aarhus University,156,56,156
Hanyang University,157,45.2,157
Michigan State University,158,61,158
"University of Maryland, College Park",159,51.9,159
Technische Universität Berlin (TU Berlin),160,55.7,160
Emory University,161,25,161
Case Western Reserve University,162,19,162
Tecnológico de Monterrey,163,45,163
King Fahd University of Petroleum & Minerals,164,28.7,164
University of Pittsburgh,165,42.3,165
RWTH Aachen University,166,50.2,166
Alma Mater Studiorum - University of Bologna,167,77.5,167
University of Bath,168,34.8,168
Texas A&M University,169,61.5,169
Universitat de Barcelona,170,71.3,170
Western University,171,30.8,171
Sapienza University of Rome,172,76.5,172
Albert-Ludwigs-Universitaet Freiburg,173,49.9,173
University College Dublin,174,49.6,174
University of Florida,175,49.7,175
Al-Farabi Kazakh National University,176,45.5,176
University of Lausanne,177,32.8,177
Eberhard Karls Universität Tübingen,178,46,178
Indian Institute of Technology Bombay (IITB),179,51.3,179
Erasmus University Rotterdam,180,35.6,180
National Tsing Hua University,181,51.2,181
Technische Universität Wien,182,32.6,182
University of Gothenburg,183,37.9,183
Khalifa University,184,13.7,184
Universidad de Chile,185,76.7,185
Indian Institute of Technology Delhi (IITD),186,45.8,186
Indian Institute of Science,187,34.2,187
University of Minnesota Twin Cities,188,61.8,188
Université catholique de Louvain (UCLouvain),189,50.8,189
University of Liverpool,190,42.7,190
University of Twente,191,21,191
Dartmouth College,192,19.5,192
Universiti Teknologi Malaysia,193,42.4,193
University of Wollongong,194,30.4,194
Curtin University,195,31.2,195
Technische Universität Dresden,196,38,196
University of Otago,197,50.6,197
"The University of Newcastle, Australia (UON)",198,30.8,198
The Hebrew University of Jerusalem,199,34.9,199
University of Bergen,200,34.2,200
Macquarie University,201,33.2,201
Keio University,202,50.2,202
University of Reading,203,33.8,203
Waseda University,204,60.3,204
University of Göttingen,205,50.5,205
University of Aberdeen,206,29.3,206
RMIT University,207,37.1,207
Universidad Autónoma de Madrid,208,58.5,208
Universite libre de Bruxelles,209,33.8,209
Universitat Autònoma de Barcelona,210,60.8,210
Vrije Universiteit Amsterdam,211,41,211
Tongji University,212,35.4,212
Ulsan National Institute of Science and Technology (UNIST),213,9.9,213
Queensland University of Technology (QUT),214,42,214
Universität Hamburg,215,50.8,215
Chulalongkorn University,216,67.7,216
Arizona State University,217,45.3,217
Queen's University Belfast,218,30.1,218
Vanderbilt University,219,25.9,219
Universidade Estadual de Campinas (Unicamp),220,65.3,220
Radboud University,221,30.3,221
Vrije Universiteit Brussel (VUB),222,24,222
University of Notre Dame,223,28,223
Complutense University of Madrid,224,67.8,224
Qatar University,225,21.6,225
Wuhan University,226,39.2,226
Rheinische Friedrich-Wilhelms-Universität Bonn,227,51.1,227
University of Cape Town,228,44.1,228
University of Sussex,229,26.2,229
University of Virginia,230,36.5,230
University of Ottawa,231,25,231
Loughborough University,232,31.3,232
"University of California, Irvine",233,41.5,233
Maastricht University,234,21.9,234
University of Antwerp,235,23.1,235
University of Calgary,236,34.8,236
Harbin Institute of Technology,237,24.1,237
Universidad de los Andes,238,58.8,238
University of Leicester,239,23.4,239
Victoria University of Wellington,240,46.7,240
Queen's University at Kingston,241,37,241
USI - Università della Svizzera italiana,242,5.2,242
American University of Beirut (AUB),243,27.7,243
Saint Petersburg State University,244,42.8,244
Università di Padova,245,55.7,245
Ecole des Ponts ParisTech,246,8.6,246
Novosibirsk State University,247,28.9,247
University of Massachusetts Amherst,248,41.4,248
Georgetown University,249,32.4,249
Universitat Pompeu Fabra (Barcelona),250,30.8,250
Universiti Brunei Darussalam (UBD),251,20,251
University of Colorado Boulder,252,36.8,252
National Cheng Kung University (NCKU),253,43.9,253
Yeshiva University,254,2.6,254
Gadjah Mada University,255,47.8,255
Indian Institute of Technology Madras (IITM),256,36.1,256
Mahidol University,257,42,257
Tel Aviv University,258,33.1,258
University of Galway,259,26.3,259
Universidad Nacional de Colombia,260,63.9,260
University of Canterbury | Te Whare Wānanga o Waitaha,261,39.2,261
Sun Yat-sen University,262,36.2,262
Sciences Po,263,20.2,263
Université Paris Cité,264,38.6,264
Kyung Hee University,265,26.4,265
Rutgers University–New Brunswick,266,39.2,266
Charles University,267,45.7,267
University of Navarra,268,28.9,268
National Yang Ming Chiao Tung University,269,32.6,269
The University of Arizona,270,41.3,270
Technical University of Darmstadt,271,20.1,271
Beijing Normal University,272,38.5,272
Heriot-Watt University,273,15.3,273
Dalhousie University,274,18.7,274
Tomsk State University,275,22.6,275
University of Surrey,276,22.3,276
Southern University of Science and Technology (SUSTech),277,6.8,277
Tufts University,278,19.6,278
Graz University of Technology,279,14,279
Indian Institute of Technology Kanpur (IITK),280,30.1,280
King Saud University,281,32,281
Indian Institute of Technology Kharagpur (IIT-KGP),282,28,282
Bauman Moscow State Technical University,283,23.9,283
Universität Innsbruck,284,20.4,284
Deakin University,285,28.1,285
Massey University,286,29.9,286
University of Illinois at Chicago (UIC),287,43.5,287
University of Tsukuba,288,35.2,288
Hong Kong Baptist University,289,18.5,289
United Arab Emirates University,290,25.2,290
Griffith University,291,27.8,291
Moscow Institute of Physics and Technology (MIPT / Moscow Phystech),292,17.8,292
Universitas Indonesia,293,44.1,293
Université Paris 1 Panthéon-Sorbonne,294,62.8,294
Xi’an Jiaotong University,295,23.1,295
Belarusian State University,296,21.5,296
University of Porto,297,38.6,297
University of Turku,298,27.8,298
Simon Fraser University,299,24.7,299
University College Cork,300,27.6,300
North Carolina State University,301,30.4,301
University of Tartu,302,26,302
University of Strathclyde,303,26.6,303
Bandung Institute of Technology (ITB),304,41.2,304
University of Tasmania,305,17.8,305
Gwangju Institute of Science and Technology (GIST),306,13.4,306
HSE University,307,27.4,307
University of East Anglia (UEA),308,19.7,308
University of Warsaw,309,46.5,309
Jagiellonian University,310,37.6,310
University of Southern Denmark (SDU),311,19.5,311
Indiana University Bloomington,312,37.8,312
University of Cologne,313,37.8,313
University of Miami,314,24.2,314
National Taiwan University of Science and Technology (Taiwan Tech),315,25.8,315
Université Grenoble Alpes,316,44.4,316
University of Milan,317,49.7,317
IE University,318,7.3,318
RUDN University,319,17,319
National Research Nuclear University MEPhI (Moscow Engineering Physics Institute),320,9.4,320
Universitat Politècnica de Catalunya · BarcelonaTech (UPC),321,33.1,321
Swinburne University of Technology,322,13.9,322
University of Dundee,323,19.4,323
Friedrich-Alexander-Universität Erlangen-Nürnberg,324,22.8,324
Pontificia Universidad Católica Argentina,325,18.9,325
University of Macau,326,10.7,326
Aalborg University,327,19.9,327
University of South Australia,328,23.1,328
L.N. Gumilyov Eurasian National University (ENU),329,21,329
Linköping University,330,20.1,330
"City, University of London",331,20.4,331
Technion - Israel Institute of Technology,332,26.2,332
"Birkbeck, University of London",333,12.5,333
Taylor's University,334,18.9,334
Huazhong University of Science and Technology,335,21.2,335
National Taiwan Normal University,336,32.1,336
Politecnico di Torino,337,34.7,337
Royal Holloway University of London,338,17.7,338
Tianjin University,339,19.6,339
University of Victoria (UVic),340,17.3,340
Goethe-University Frankfurt am Main,341,46.8,341
University of Hawaiʻi at Mānoa,342,16.2,342
Northeastern University,343,20.7,343
Hiroshima University,344,22.5,344
Universiti Teknologi Brunei,345,12.6,345
Universität Jena,346,19.7,346
Virginia Polytechnic Institute and State University,347,28.5,347
Kazan (Volga region) Federal University,348,19,348
UCSI University,349,17.8,349
"University of California, Santa Cruz",350,19.7,350
Universität Stuttgart,351,24.3,351
Brunel University London,352,11.5,352
Universidad Carlos III de Madrid (UC3M),353,30.9,353
Ural Federal University - UrFU,354,21.4,354
Johannes Kepler University Linz,355,11.3,355
George Washington University,356,27.2,356
Tilburg University,357,15.4,357
University of Lisbon,358,40.3,358
Nankai University,359,22.9,359
National University of Sciences And Technology (NUST) Islamabad,360,18.1,360
University of Jyväskylä,361,16.6,361
University of Utah,362,16.8,362
Ewha Womans University,363,23,363
La Trobe University,364,20.7,364
MGIMO University,365,13.3,365
ITMO University,366,12.4,366
Umea University,367,20.1,367
Ulm University,368,8.1,368
Sultan Qaboos University,369,14.8,369
Norwegian University of Science And Technology,370,32.9,370
Universidade Federal do Rio de Janeiro,371,54.5,371
Universitat Politecnica de Valencia,372,25.5,372
Lincoln University,373,8.3,373
Beijing Institute of Technology,374,21.5,374
"University of Chemistry and Technology, Prague",375,6.6,375
University of Connecticut,376,15.8,376
University of Waikato,377,19.9,377
University of Oulu,378,16.4,378
Julius-Maximilians-Universität Würzburg,379,16.5,379
Quaid-i-Azam University,380,15.1,380
"Stony Brook University, State University of New York",381,20.1,381
Sharif University of Technology,382,12.1,382
Tokyo Medical and Dental University (TMDU),383,10.8,383
American University of Sharjah,384,18.9,384
Beihang University (former BUAA),385,14.4,385
University of Kent,386,20,386
Kobe University,387,26.8,387
University of Kansas,388,15.3,388
University at Buffalo SUNY,389,18.8,389
University of Pisa,390,40.5,390
Università Vita-Salute San Raffaele,391,3.2,391
SOAS University of London,392,19.9,392
Universidad de Palermo (UP),393,9.1,393
Peter the Great St. Petersburg Polytechnic University,394,13.1,394
Ruhr-Universität Bochum,395,22.5,395
Indian Institute of Technology Guwahati (IITG),396,13.2,396
National Research Tomsk Polytechnic University,397,9.6,397
Pontificia Universidad Catolica del Peru,398,39.9,398
Pakistan Institute of Engineering and Applied Sciences (PIEAS),399,5.4,399
University of the Philippines,400,33.9,400
Indian Institute of Technology Roorkee (IITR),401,14.8,401
Universidad Austral,402,15.4,402
Vilnius University,403,20.7,403
Czech Technical University in Prague,404,19.8,404
Shandong University,405,14.9,405
"University of California, Riverside",406,17.9,406
Flinders University,407,13.1,407
South China University of Technology,408,12.1,408
Taipei Medical University (TMU),409,9.7,409
Xiamen University,410,25.7,410
University of Münster,411,33.7,411
National Sun Yat-sen University,412,25.5,412
Pontificia Universidad Javeriana,413,37.5,413
Chung-Ang University (CAU),414,15.5,414
Lappeenranta-Lahti University of Technology LUT,415,7.3,415
Tampere University,416,25.2,416
Universiti Teknologi PETRONAS (UTP),417,16.4,417
"University of Colorado, Denver",418,8.3,418
University of Science and Technology Beijing,419,15,419
Université Laval,420,20.6,420
National Technical University of Athens,421,19.2,421
Université de Strasbourg,422,42.2,422
Universität Mannheim,423,17.2,423
James Cook University,424,15.1,424
University of Naples - Federico II,425,32.5,425
University of Witwatersrand,426,24.9,426
Johannes Gutenberg Universität Mainz,427,21.8,427
Washington State University,428,27,428
Oxford Brookes University,429,26.6,429
Wake Forest University,430,5.8,430
Colorado State University,431,19.5,431
Rensselaer Polytechnic Institute,432,9.2,432
Universidade Nova de Lisboa,433,27.1,433
Universidade Federal de São Paulo,434,11.9,434
University of Johannesburg,435,14.5,435
Shanghai University,436,24,436
Tulane University,437,10.1,437
University of Canberra,438,14,438
"Essex, University of",439,17.5,439
Swansea University,440,15.8,440
University of Cyprus (UCY),441,9,441
University of Trento,442,24.9,442
University of Tromsø The Arctic University of Norway,443,13.2,443
Illinois Institute of Technology,444,15.1,444
HUFS - Hankuk (Korea) University of Foreign Studies,445,11.7,445
The American University in Cairo,446,26.8,446
Umm Al-Qura University,447,14.9,447
Universität  Leipzig,448,25.3,448
Saarland University,449,11.6,449
University of Milano-Bicocca,450,19.5,450
Auckland University of Technology (AUT),451,20.3,451
Bond University,452,4.8,452
Sichuan University,453,17.7,453
University of Florence,454,32.5,454
Brandeis University,455,10.9,455
University of Coimbra,456,28.6,456
University of Iowa,457,20.7,457
University of Saskatchewan,458,11.8,458
Universidad Politécnica de Madrid (UPM),459,30.2,459
University of St.Gallen (HSG),460,9.2,460
Colorado School of Mines,461,8.2,461
Far Eastern Federal University,462,6.8,462
"Goldsmiths, University of London",463,18.4,463
Martin-Luther-Universität Halle-Wittenberg,464,14.7,464
Airlangga University,465,27.4,465
Amirkabir University of Technology,466,5.4,466
Southeast University,467,12,467
Universidad de Belgrano,468,8,468
National Taipei University of Technology,469,13.8,469
Universidad de Montevideo (UM),470,14.7,470
Ben-Gurion University of The Negev,471,14.4,471
Hasselt University,472,4.5,472
Universidad ORT Uruguay,473,11.3,473
University of Stirling,474,11.6,474
Florida State University,475,28.3,475
"University of Missouri, Columbia",476,16.5,476
Bar-Ilan University,477,9.4,477
Chiba University,478,16.3,478
University of Texas Dallas,479,15.5,479
Chang Gung University,480,4.7,480
Université de Liège,481,19,481
Auezov South Kazakhstan University (SKU),482,9.6,482
Stellenbosch University,483,24.5,483
The Catholic University of Korea,484,4.8,484
Aston University,485,12.5,485
University of Turin,486,34.2,486
The National University of Science and Technology MISIS,487,8.5,487
Universidad de Santiago de Chile (USACH),488,37.6,488
Yokohama City University,489,4.6,489
Dublin City University,490,18.7,490
Justus-Liebig-University Giessen,491,12,491
UNESP,492,33.7,492
University of Granada,493,40,493
Western Sydney University,494,17.7,494
Boston College,495,22.3,495
Christian-Albrechts-University zu Kiel,496,19.2,496
Dongguk University,497,9.4,497
Iowa State University,498,19.3,498
Sogang University,499,18.2,499
"University of Rome ""Tor Vergata""",500,30.7,500
York University,501,22.4,501
Aix-Marseille University,502,36.6,502
Jilin University,503,13.8,503
Satbayev University,504,15.2,504
Universidad de La Habana,505,18.1,505
University of Bordeaux,506,32.4,506
University of Delhi,507,35.3,507
University of Klagenfurt,508,4.5,508
University of Limerick,509,17.2,509
Universität Konstanz,510,22.4,510
Warsaw University of Technology,511,26,511
IPB University (aka Bogor Agricultural University),512,18.9,512
Koç University,513,18.5,513
Missouri University of Science and Technology,514,3.4,514
Singapore Management University,515,11.6,515
Universidad de Alcalá,516,9.8,516
Universiti Utara Malaysia (UUM),517,17.4,517
University of Balamand,518,4.6,518
V. N. Karazin Kharkiv National University,519,11.9,519
Wayne State University,520,9.8,520
Central South University,521,7.3,521
China University of Geosciences,522,4.1,522
Concordia University,523,14.5,523
Imam Abdulrahman Bin Faisal University (IAU),524,4.5,524
National Central University,525,20.5,525
"Universidad Central ""Marta Abreu"" de Las Villas",526,6.1,526
University of Bayreuth,527,10,527
University of Eastern Finland,528,14.9,528
University of Tehran,529,22.3,529
Université de Montpellier,530,20.2,530
Ajou University,531,11.4,531
East China Normal University,532,14.6,532
Hitotsubashi University,533,16.5,533
Institut National des Sciences Appliquées de Lyon (INSA),534,8.9,534
Lehigh University,535,6,535
Nagasaki University,536,6.5,536
National Research Saratov State University,537,4.4,537
Oregon State University,538,17.5,538
Saint Joseph University of Beirut (USJ),539,9.7,539
Southern Federal University,540,8.1,540
Universidad de Costa Rica,541,28.2,541
Universidad de Zaragoza,542,21.8,542
University of Delaware,543,10.5,543
Aberystwyth University,544,9.8,544
Iran University of Science and Technology,545,6.4,545
Kyungpook National University,546,13.5,546
Niigata University,547,4.7,547
Northwestern Polytechnical University,548,4.9,548
Sabanci University,549,15.6,549
The University of Georgia,550,22.1,550
"The University of Tennessee, Knoxville",551,10.9,551
University of Ulsan,552,5.8,552
Abai Kazakh National Pedagogical University,553,15.4,553
Aristotle University of Thessaloniki,554,26.6,554
Kazakh National Agrarian University KazNAU,555,12.5,555
Masaryk University,556,23.5,556
Middle East Technical University,557,25.4,557
Universidad Panamericana (UP),558,7.6,558
Universidad de Sevilla,559,35.2,559
University of Szeged,560,17.7,560
Università Cattolica del Sacro Cuore,561,22,561
Université Paul Sabatier Toulouse III,562,20.4,562
Altai State University,563,5.9,563
Hallym University,564,2.6,564
Inha University,565,7.3,565
Jawaharlal Nehru University,566,28.8,566
Technische Universität Braunschweig,567,10,567
The New School,568,13.8,568
Università degli Studi di Pavia,569,20.6,569
Université de Fribourg,570,10.8,570
Cairo University,571,38.6,571
Dalian University of Technology,572,8.6,572
East China University of Science and Technology,573,7.3,573
Holy Spirit University of Kaslik,574,4.7,574
Hunan University,575,7,575
Ivane Javakhishvili Tbilisi State University,576,6.8,576
Jeonbuk National University,577,12.5,577
Osaka City University,578,9.4,578
Universitat de Valencia,579,30.1,579
University of Minho,580,14.8,580
University of Nebraska - Lincoln,581,10.8,581
Universität Bremen,582,20.2,582
Lebanese American University,583,9.7,583
"Lingnan University, Hong Kong",584,7.6,584
Murdoch University,585,7.9,585
Okayama University,586,8,586
Samara National Research University (Samara University),587,4.2,587
Universidad Nacional de La Plata (UNLP),588,32.9,588
University of Guelph,589,13.8,589
University of South Florida,590,13.2,590
Applied Science University - Bahrain,591,11.1,591
Bilkent University,592,19.7,592
Indian Institute of Technology Hyderabad (IITH),593,3.7,593
Kumamoto University,594,7.4,594
National Chengchi University,595,19.4,595
Savitribai Phule Pune University,596,8.5,596
"Sofia University ""St. Kliment Ohridski""",597,14,597
Universidad Externado de Colombia,598,11.4,598
University of Debrecen,599,17.4,599
University of Electronic Science and Technology of China,600,4.2,600
University of Ljubljana,601,20,601
Universität Regensburg,602,11.2,602
Université du Québec,603,21.1,603
Abo Akademi University,604,8.9,604
American University in Dubai,605,7.6,605
Ateneo de Manila University,606,18,606
Bangor University,607,8.6,607
Canadian University Dubai,608,7.2,608
Carleton University,609,9.5,609
Central Queensland University (CQUniversity Australia),610,6.6,610
Chiang Mai University,611,31,611
China Agricultural University,612,8,612
Clark University,613,3.6,613
Coventry University,614,9.8,614
Gifu University,615,4.1,615
Kanazawa University,616,8.2,616
"Kingston University, London",617,15.6,617
Konkuk University,618,7.3,618
Leibniz University Hannover,619,21.1,619
Management and Science University,620,10.6,620
Nanjing University of Science and Technology,621,3.9,621
Palacký University Olomouc,622,15.4,622
Pavol Jozef Šafárik University in Košice,623,4.6,623
Pusan National University,624,19.1,624
Renmin (People's) University of China,625,22.9,625
Asfendiyarov Kazakh National Medical University,626,6.3,626
Sejong University,627,11.3,627
Shenzhen University,628,7.1,628
Smith College,629,3.6,629
Soochow University,630,5.9,630
Taras Shevchenko National University of Kyiv,631,18.1,631
Thammasat University,632,23.2,632
Tokyo University of Agriculture and Technology,633,12.2,633
Universidad Anáhuac México,634,10.2,634
Universidad Nacional del Centro de la Provincia de Buenos Aires (UNICEN),635,5.3,635
Universidad Pontificia Comillas,636,8.6,636
Universidad de Concepción,637,25.4,637
Universitat Ramon Llull,638,11.3,638
Universite Paris-Pantheon-Assas,639,6.6,639
University of Aveiro,640,12.1,640
University of Cincinnati,641,13.1,641
University of Genoa,642,15.8,642
University of Hohenheim,643,9.4,643
University of Jordan,644,24.4,644
University of Manitoba,645,13.9,645
University of Plymouth,646,9.4,646
University of Pretoria,647,22.4,647
University of Sharjah,648,13.9,648
University of Siena,649,11.7,649
University of South Carolina,650,16.4,650
Victoria University,651,8.1,651
American University,652,15.9,652
Chongqing University,653,6.9,653
College of William and Mary,654,9,654
Comenius University Bratislava,655,12.9,655
Drexel University,656,9.2,656
Edith Cowan University,657,8.4,657
Eötvös Loránd University,658,24,658
Free University of Bozen-Bolzano,659,4,659
Howard University,660,6,660
Immanuel Kant Baltic Federal University,661,5.3,661
International Islamic University Malaysia (IIUM),662,21,662
Jadavpur University,663,13.3,663
Kagoshima University,664,4.8,664
Karl-Franzens-Universitaet Graz,665,20.8,665
King Khalid University,666,8.4,666
Lahore University of Management Sciences (LUMS),667,13.7,667
Lobachevsky University,668,8.8,668
Macau University of Science and Technology,669,3.8,669
Michigan Technological University,670,5.8,670
National Chung Hsing University,671,16.6,671
"National Technical University  ""Kharkiv Polytechnic Institute""",672,6,672
National and Kapodistrian University of Athens,673,23.2,673
Pontifícia Universidade Católica do Rio de Janeiro,674,28.8,674
Sechenov University,675,5.3,675
Sunway University,676,7,676
Syracuse University,677,14.1,677
Tokushima University,678,5.2,678
Ulster University,679,9.2,679
Universidad ICESI,680,4.9,680
Universidad Peruana Cayetano Heredia (UPCH),681,9.7,681
Universidad Pontificia Bolivariana,682,8.5,682
Universidad de Antioquia,683,27.4,683
Universidade Federal de Minas Gerais,684,30.1,684
Universiti Teknologi MARA - UiTM,685,25.2,685
University of Crete,686,14.8,686
University of Hull,687,7.7,687
University of Hyderabad,688,11.4,688
University of Kentucky,689,11.5,689
University of Massachusetts Boston,690,13.5,690
University of Mons,691,5.3,691
University of New Brunswick,692,4.5,692
University of New Mexico,693,14.3,693
University of Oklahoma,694,9.5,694
University of Oregon,695,17,695
University of Pecs,696,12.6,696
University of Portsmouth,697,8.1,697
University of Salamanca,698,25.7,698
University of Trieste,699,11.7,699
University of Vermont,700,3.4,700
Universität Rostock,701,6.8,701
Université Claude Bernard Lyon 1,702,18.5,702
Zayed University,703,10.1,703
Abu Dhabi University,704,7.1,704
Ajman University,705,8.5,705
Al Ain University,706,10.2,706
Beijing University of Technology,707,7.6,707
Bogaziçi Üniversitesi,708,20.5,708
Brno University of Technology,709,12,709
Charles Darwin University,710,5.3,710
City University of New York,711,27.2,711
Gunma University,712,2.8,712
Indian Institute of Technology Bhubaneswar,713,3,713
Instituto Tecnológico de Buenos Aires (ITBA),714,7.8,714
Istanbul Technical University,715,19.7,715
Jouf University,716,3,716
Lebanese University,717,15.7,717
Middlesex University,718,5.4,718
"National Technical University of Ukraine ""Igor Sikorsky Kyiv Polytechnic Institute""",719,12.9,719
New Jersey Institute of Technology (NJIT),720,4.5,720
Northumbria University at Newcastle,721,10.2,721
Notre Dame University-Louaize NDU,722,5.3,722
O.P. Jindal Global University,723,6.9,723
Osaka Prefecture University,724,5.2,724
Philipps-Universität Marburg,725,15,725
Plekhanov Russian University of Economics,726,8.8,726
Politecnico di Bari,727,5.1,727
Prince Mohammad Bin Fahd university,728,8.5,728
Saint Petersburg Electrotechnical University ETU-LETI,729,4.5,729
Stevens Institute of Technology,730,2.9,730
Sumy State University,731,4.7,731
Tokyo Metropolitan University,732,11.9,732
Ufa State Aviation Technical University (USATU),733,3.2,733
Universidad Central de Venezuela,734,19.3,734
Universidad Iberoamericana IBERO,735,16.2,735
Universidad de La Sabana,736,15.1,736
Universidad de San Andrés - UdeSA,737,5.7,737
Universidade de Santiago de Compostela,738,21.8,738
Universitat Rovira i Virgili,739,6.5,739
University of Bradford,740,9.1,740
University of Haifa,741,13.7,741
University of Houston,742,14.9,742
University of Huddersfield,743,9.2,743
University of Modena and Reggio Emilia,744,8.7,744
University of Southern Queensland,745,8.2,745
University of Westminster,746,10.1,746
University of Windsor,747,2.9,747
University of the Basque Country,748,17.5,748
Universität Potsdam,749,14.8,749
Université Côte d'Azur,750,16.4,750
Université de Sousse,751,3.1,751
Virginia Commonwealth University,752,7.1,752
American University of the Middle East,753,9.7,753
Belarusian National Technical University (BNTU),754,9.2,754
Bournemouth University,755,5.3,755
Chonnam National University,756,9.2,756
Chungnam National University,757,10.3,757
Clarkson University,758,1,758
Dankook University,759,3.4,759
Georgia State University,760,13.1,760
Institut Teknologi Sepuluh Nopember (ITS Surabaya),761,11.2,761
Instituto Politécnico Nacional (IPN),762,20.1,762
Instituto Tecnológico Autónomo de México (ITAM),763,13.8,763
Jamia Millia Islamia,764,6.2,764
Jinan University (China),765,4.1,765
Karaganda State Technical University,766,5.1,766
Keele University,767,6.2,767
Lanzhou University,768,7.4,768
"Manipal Academy of Higher Education, Manipal, Karnataka, India",769,7.9,769
Maynooth University,770,10.1,770
Memorial University of Newfoundland,771,5.8,771
Northwest University (China),772,3.6,772
Pontificia Universidad Católica de Valparaíso,773,22.6,773
Princess Nourah bint Abdulrahman University,774,12,774
Riga Technical University,775,12.1,775
Ritsumeikan University,776,12.9,776
Shiraz University,777,7,777
Southern Cross University,778,3.8,778
Tallinn University of Technology (TalTech),779,12.7,779
Temple University,780,13.7,780
Universidad Adolfo Ibáñez,781,14.9,781
Universidad San Francisco de Quito (USFQ),782,10.8,782
Universidad Torcuato Di Tella,783,11.4,783
Universidad de la República (Udelar),784,20.4,784
Universidad del Rosario,785,12.6,785
Universidade Federal do Rio Grande Do Sul,786,27.8,786
Universiti Tenaga Nasional (UNITEN),787,7.3,787
University Duesseldorf,788,12.9,788
University at Albany SUNY,789,8.8,789
University of Brescia,790,3.9,790
University of Central Florida,791,15.3,791
University of Denver,792,5.6,792
University of Greenwich,793,4.5,793
"University of Maryland, Baltimore County",794,11.4,794
University of Zagreb,795,15.8,795
Università degli Studi di Perugia,796,8,796
Université de Sherbrooke,797,5.9,797
Vilnius Gediminas Technical University (VILNIUS TECH),798,10.6,798
Worcester Polytechnic Institute,799,3.8,799
AGH University of Science and Technology,800,9,800
Karaganda Buketov University,801,9.6,801
"Adam Mickiewicz University, Poznań",802,16.3,802
"Ain Shams University in Cairo (ASU, Cairo)",803,18.9,803
Ankara Üniversitesi,804,15.4,804
Anna University,805,6.8,805
Auburn University,806,7.2,806
Australian Catholic University,807,7.5,807
Bangladesh University of Engineering and Technology,808,13.1,808
Beijing Foreign Studies University,809,5.9,809
Beijing Jiaotong University,810,10.6,810
Beijing University of Chinese Medicine,811,4,811
Beijing University of Posts and Telecommunications,812,3.3,812
Beirut Arab University,813,7.4,813
Bielefeld University,814,14.2,814
Binghamton University SUNY,815,7.4,815
Budapest University of Technology and Economics,816,13.6,816
CY Cergy Paris University,817,3.2,817
Ca' Foscari University of Venice,818,18,818
Catania University,819,11.8,819
Charles Sturt University,820,4.3,820
Clemson University,821,8.6,821
Corvinus University of Budapest,822,11,822
Cracow University of Technology (Politechnika Krakowska),823,10.5,823
Czech University of Life Sciences in Prague,824,9.8,824
De La Salle University,825,18.5,825
De Montfort University,826,5.1,826
Edinburgh Napier University,827,4.7,827
Financial University under the Government of the Russian Federation,828,4,828
Florida International University,829,14.4,829
Fordham University,830,6.7,830
Gdańsk University of Technology,831,7.9,831
George Mason University,832,9.2,832
German Jordanian University,833,5.7,833
Gulf University for Science and Technology,834,5.7,834
Hacettepe University,835,15.6,835
Harbin Engineering University,836,3.4,836
Indiana University–Purdue University Indianapolis,837,8.3,837
International Christian University,838,4.1,838
Islamic University of Madinah,839,3.6,839
Istanbul University,840,22.8,840
Jordan University of Science & Technology,841,15.9,841
Kansas State University,842,10.3,842
Kasetsart University,843,23.6,843
Kaunas University of Technology,844,11.3,844
Kazakh Ablai Khan University of International Relations and World Languages,845,5.5,845
Kazakh-British Technical University,846,10.3,846
Kazan National Research Technological University,847,3.1,847
Khon Kaen University,848,15.6,848
King Faisal University,849,12.5,849
King Mongkut's University of Technology Thonburi,850,13.1,850
Kyoto Institute of Technology,851,6.4,851
Kyushu Institute of Technology,852,4.7,852
Liverpool John Moores University,853,10.2,853
Lodz University of Technology,854,5.4,854
London Metropolitan University,855,5.9,855
London South Bank University,856,3.3,856
Louisiana State University,857,9.9,857
Loyola University Chicago,858,8.2,858
Lviv Polytechnic National University,859,7.1,859
Manchester Metropolitan University,860,11.2,860
Mendel University in Brno,861,6.9,861
Mendeleev University of Chemical Technology,862,3.5,862
NJSC KIMEP University,863,6.6,863
Nanjing University of Aeronautics and Astronautics,864,3.8,864
National Chung Cheng University,865,12.5,865
Nicolaus Copernicus University,866,7.4,866
Nottingham Trent University,867,9.9,867
Novosibirsk State Technical University,868,6.9,868
Oklahoma State University,869,9.9,869
Paris Lodron University of Salzburg,870,8.9,870
Perm State National Research University,871,4.7,871
Pondicherry University,872,3.2,872
Pontifícia Universidade Católica de São Paulo,873,11.8,873
Poznan University of Technology,874,6.6,874
Prince of Songkla University,875,18.2,875
Princess Sumaya University for Technology,876,4.9,876
Qassim University,877,5.1,877
"Queen Margaret University , Edinburgh",878,4.6,878
Rhodes University,879,6.7,879
Riga Stradins University,880,6.4,880
Robert Gordon University,881,3.8,881
Russian Presidential Academy of National Economy and Public Administration,882,4.6,882
Rutgers University–Newark,883,12.1,883
Toronto Metropolitan University,884,6.6,884
Seattle University,885,5,885
Shinshu University,886,3.4,886
"Siksha ‘O’ Anusandhan (Deemed to be University), SOA",887,3.1,887
Silesian University of Technology,888,4.9,888
Slovak University of Technology in Bratislava,889,9.1,889
Sophia University,890,11.1,890
South Ural State University (National Research University),891,7.8,891
Southern Methodist University,892,5.6,892
MATE Hungarian University of Agriculture and Life Sciences,893,5.2,893
Szechenyi Istvan University (University of Gyor),894,5.9,894
TU Dortmund University,895,13.3,895
Technical University of Kosice,896,6.6,896
Technical University of Liberec,897,4.4,897
Technological University Dublin,898,10.9,898
Tecnológico de Costa Rica -TEC,899,8.3,899
Texas Tech University,900,10.8,900
The University of Alabama,901,9.4,901
Tokyo University of Science,902,11.5,902
UNIVERSITY OF GDANSK,903,11,903
Universidad Autónoma Metropolitana (UAM),904,23.6,904
Universidad Autonoma Chapingo,905,4.2,905
Universidad Autónoma del Estado de Hidalgo (UAEH),906,4.2,906
Universidad Autónoma del Estado de México (UAEMex),907,21.4,907
Universidad Católica Andres Bello,908,21.4,908
Universidad Católica del Uruguay (UCU),909,9.5,909
Universidad Diego Portales (UDP),910,14.6,910
Universidad EAFIT,911,11.4,911
Universidad Nacional Mayor de San Marcos,912,18.3,912
Universidad Nacional de Córdoba - UNC,913,20.3,913
Universidad Nacional de Rosario (UNR),914,19.1,914
Universidad Nacional de San Luis,915,4.3,915
Universidad Simón Bolívar (USB),916,15.2,916
Universidad Tecnológica Nacional (UTN),917,3.4,917
Universidad Tecnológica de Panamá (UTP),918,7.6,918
Universidad Técnica Federico Santa María (USM),919,10.5,919
Universidad de Guadalajara (UDG),920,19.1,920
Universidad de Los Andes - (ULA) Mérida,921,12.8,921
Universidad de Oviedo,922,11.6,922
Universidad de las Américas Puebla (UDLAP),923,7.8,923
Universidad de los Andes - Chile,924,12.3,924
Universidad del Valle,925,17.5,925
Universidade Católica Portuguesa - UCP,926,12.5,926
Universidade Federal de Pernambuco (UFPE),927,12.6,927
Universidade Federal de Santa Catarina,928,18.7,928
Universidade Federal de São Carlos (UFSCar),929,13.5,929
Universidade Federal do Paraná - UFPR,930,12.9,930
Universidade da Coruña,931,5.4,931
Universidade de Brasília,932,23.3,932
Universita' Politecnica delle Marche,933,5.1,933
Universita' degli Studi di Ferrara,934,5.7,934
Universitas Padjadjaran (UNPAD),935,12.9,935
Universiti Kuala Lumpur (UniKL),936,7.3,936
Universiti Malaysia Pahang,937,10.9,937
Universiti Malaysia Perlis,938,7.1,938
Universiti Tunku Abdul Rahman (UTAR),939,11.5,939
University of Alicante,940,13,940
University of Baghdad,941,9.6,941
University of Bahrain,942,11.2,942
University of Bari,943,11.9,943
University of Brighton,944,8.8,944
University of Calcutta,945,15,945
University of Central Lancashire,946,5.2,946
University of Dhaka,947,17.9,947
University of East London,948,4.2,948
University of Engineering & Technology (UET) Lahore,949,6.8,949
University of Hartford,950,4.8,950
University of Hertfordshire,951,4.1,951
University of Hradec Kralove,952,4.7,952
University of Kwazulu-Natal,953,12.2,953
University of Lincoln,954,5.9,954
University of Lodz,955,10.9,955
University of Malta,956,5.1,956
University of Maribor,957,6.7,957
University of Messina (UniME),958,7,958
University of Mississippi,959,3.7,959
"University of Missouri, Kansas City",960,5.3,960
University of Murcia,961,11.7,961
University of Naples Parthenope,962,3.2,962
University of New England Australia,963,10.4,963
University of New Hampshire,964,5.8,964
University of Palermo,965,9.9,965
University of Parma,966,9.4,966
University of Patras,967,11.9,967
University of Salerno,968,7.6,968
University of Salford,969,7.8,969
University of Santo Tomas,970,11.5,970
University of Seoul,971,11.3,971
University of Texas at San Antonio,972,7.3,972
University of Tulsa,973,2.5,973
University of Tyumen,974,3.6,974
University of Wisconsin Milwaukee,975,8.6,975
University of Wroclaw,976,15.7,976
University of Wyoming,977,2.4,977
University of the Punjab,978,13.6,978
University of the West of England,979,9.3,979
University of Zilina,980,4.4,980
Università degli Studi di Udine,981,6.9,981
Università degli studi Roma Tre,982,16.7,982
Universität Duisburg-Essen,983,11.5,983
Université Toulouse 1 Capitole,984,14.3,984
Université de Lille,985,25.9,985
Université de Lorraine,986,13.8,986
Nantes University,987,11,987
Université de Rennes 1,988,16,988
Verona University,989,8.7,989
Viet Nam National University Ho Chi Minh City (VNU-HCM),990,20.7,990
"Vietnam National University, Hanoi",991,16.6,991
Vytautas Magnus University,992,12.4,992
West Virginia University,993,6.1,993
Wroclaw University of Science and Technology (WRUST),994,11.9,994
Wuhan University of Technology,995,5.9,995
Xi'an Jiaotong Liverpool University,996,4.7,996
Yamaguchi University,997,4,997
Yerevan State University,998,6.1,998
Yeungnam University,999,4.9,999
Yokohama National University,1000,11.1,1000
